pmid,gene_ID,host_DB,Species,Symbol
17432932,Afu1g14660,,Aspergillus fumigatus,laeA
19220748,Afu3g11250,,Aspergillus fumigatus,ace2
20545865,Afu3g05650,,Aspergillus fumigatus,orlA
22046314,Afu2g04210,,Aspergillus fumigatus,hmgX
23368997,Afu7g00170,,Aspergillus fumigatus,nscD
23368997,Afu7g00130,,Aspergillus fumigatus,nscR
23844980,Afu1g06210,,Aspergillus fumigatus,agm1
23996062,Afu4g02970,,Aspergillus fumigatus,TMEM16
24116213,Afu8g00420,,Aspergillus fumigatus,fumR
25582336,Afu6g03460,,Aspergillus fumigatus,fmpC
25582336,Afu6g03450,,Aspergillus fumigatus,fmpB
26242966,Afu4g14580,,Aspergillus fumigatus,tpcA
26242966,Afu4g14570,,Aspergillus fumigatus,tpcB
26242966,Afu4g14460,,Aspergillus fumigatus,tpcM
26242966,Afu4g14480,,Aspergillus fumigatus,tpcL
26242966,Afu4g14550,,Aspergillus fumigatus,tpcD
26529322,Afu7g02260,,Aspergillus fumigatus,somA
27048799,Afu3g07870,,Aspergillus fumigatus,agd3
27649508,Afu6g07980,,Aspergillus fumigatus,nimX
27649508,Afu3g14150,,Aspergillus fumigatus,fbx15
27649508,Afu3g09670,,Aspergillus fumigatus,oefC
30044771,Afu6g11110,,Aspergillus fumigatus,sclB
31131706,Afu6g06710,,Aspergillus fumigatus,cdc43
31548684,Afu5g14910,,Aspergillus fumigatus,cgnA
15722485,PF3D7_1314200,,Plasmodium falciparum,TERT
16507167,PF3D7_0202300,,Plasmodium falciparum,PF3D7_0202300
16507167,PF3D7_0301800,,Plasmodium falciparum,PF3D7_0301800
22970262,PF3D7_0201800,,Plasmodium falciparum,KAHsp40
23937520,PF3D7_1017100,,Plasmodium falciparum,RON12
24855263,PF3D7_1021800,,Plasmodium falciparum,SEA1
24877144,PF3D7_1329700,,Plasmodium falciparum,ACBP1
24913268,PF3D7_0507100,,Plasmodium falciparum,RPL4
24913268,PF3D7_0706400,,Plasmodium falciparum,RPL37
25011111,PF3D7_1355700,,Plasmodium falciparum,NIF3
25011111,PF3D7_1309200,,Plasmodium falciparum,PPM6
25011111,PF3D7_1138500,,Plasmodium falciparum,PPM2
25188378,PF3D7_0503300,,Plasmodium falciparum,SRSF12
25802338,PF3D7_0503600,,Plasmodium falciparum,MyoB
26526684,PF3D7_0609800,,Plasmodium falciparum,DHHC2
27653778,PF3D7_1301700,,Plasmodium falciparum,CBP2
28115054,PF3D7_0822700,,Plasmodium falciparum,TRP1
28790316,PF3D7_0826100,,Plasmodium falciparum,HEUL
28916755,PF3D7_0909200,,Plasmodium falciparum,POFUT2
30050042,PF3D7_1446500,,Plasmodium falciparum,NUP313
30212465,PF3D7_0813700,,Plasmodium falciparum,ABCF1
30235972,PF3D7_0209200,,Plasmodium falciparum,MTR3
30728406,PF3D7_1202000,,Plasmodium falciparum,PSH2
31087747,PF3D7_1344200,,Plasmodium falciparum,GRP170
31363031,PF3D7_0617600,,Plasmodium falciparum,PF3D7_0617600
19165333,TGME49_289680,,Toxoplasma gondii,RAB11A
20658557,TGME49_243545,,Toxoplasma gondii,RNG1
22144892,TGME49_287270,,Toxoplasma gondii,PPP1
23638681,TGME49_293220,,Toxoplasma gondii,DHHC15
23638681,TGME49_269150,,Toxoplasma gondii,DHHC9
23638681,TGME49_224290,,Toxoplasma gondii,DHHC5
23638681,TGME49_266940,,Toxoplasma gondii,DHHC16
23638681,TGME49_255650,,Toxoplasma gondii,DHHC8
23638681,TGME49_213550,,Toxoplasma gondii,DHHC4
24070999,TGME49_218270,,Toxoplasma gondii,ROP48
24147036,TGME49_290950,,Toxoplasma gondii,CHC1
24841368,TGME49_289100,,Toxoplasma gondii,HOOK
24841368,TGME49_241000,,Toxoplasma gondii,ROP51
24841368,TGME49_294790,,Toxoplasma gondii,MIC19
25393004,TGME49_283510,,Toxoplasma gondii,IAP1
25691595,TGME49_304670,,Toxoplasma gondii,IMC23
25691595,TGME49_217510,,Toxoplasma gondii,IMC19
25974303,TGME49_222170,,Toxoplasma gondii,GRA17
27247232,TGME49_228420,,Toxoplasma gondii,PKAC2
27486190,TGME49_290700,,Toxoplasma gondii,GRA25
27490259,TGME49_270910,,Toxoplasma gondii,ATS1
27594426,TGME49_265790,,Toxoplasma gondii,CLAMP
27696623,TGME49_243200,,Toxoplasma gondii,IMC29
27696623,TGME49_259630,,Toxoplasma gondii,IMC27
28475612,TGME49_226040,,Toxoplasma gondii,CAM3
19444208,Tb927.7.5940,,Trypanosoma brucei,PAD2
19525551,Tb927.3.3540,,Trypanosoma brucei,NUP53b
19525551,Tb927.11.11090,,Trypanosoma brucei,NUP140
20121244,Tb927.6.1850,,Trypanosoma brucei,QSOX
20382188,Tb927.5.890,,Trypanosoma brucei,OST
20403364,Tb927.1.1330,,Trypanosoma brucei,MEAT1
23133390,Tb927.11.1790,,Trypanosoma brucei,Tb927.11.1790
23326569,Tb927.7.1470,,Trypanosoma brucei,ATPc3
24582333,Tb927.8.3680,,Trypanosoma brucei,KKT4
24582333,Tb927.7.2110,,Trypanosoma brucei,kkt11
25180513,Tb927.7.2650,,Trypanosoma brucei,CAP51V
26224545,Tb927.6.2400,,Trypanosoma brucei,GCP4
26378228,Tb927.7.1060,,Trypanosoma brucei,FYRP
26891179,Tb927.11.9780,,Trypanosoma brucei,NUP119
27991487,Tb927.3.1600,,Trypanosoma brucei,TIM10
28034897,Tb927.5.1320,,Trypanosoma brucei,KKIP2
29091964,Tb927.8.6370,,Trypanosoma brucei,FPC4
29385523,Tb927.6.4330,,Trypanosoma brucei,Tb927.6.4330
30503212,Tb927.8.1530,,Trypanosoma brucei,GPR89
31392978,Tb927.10.7580,,Trypanosoma brucei,Xpo-5
31795916,Tb927.10.4200,,Trypanosoma brucei,KKT24
31795916,Tb927.9.13970,,Trypanosoma brucei,KKIP9
31795916,Tb927.9.6420,,Trypanosoma brucei,KKT22
32295845,Tb927.7.1360,,Trypanosoma brucei,PFR-AF2
32518185,Tb927.7.4370,,Trypanosoma brucei,SAF1
33589495,Tb927.11.6660,,Trypanosoma brucei,Tb927.11.6660
