"gene_ID","pmid","has_summary","has_PD","host_db"
"PF3D7_0324500",10562315,TRUE,NA,"PlasmoDB"
"TGME49_255190",11706051,TRUE,NA,"ToxoDB"
"PF3D7_0402300",11733572,TRUE,NA,"PlasmoDB"
"PCHAS_0702500",12021311,TRUE,NA,"PlasmoDB"
"PBANKA_0901300",12021311,TRUE,NA,"PlasmoDB"
"PF3D7_1342500",14737184,TRUE,NA,"PlasmoDB"
"PBANKA_1355600",14737184,TRUE,NA,"PlasmoDB"
"PF3D7_1314200",15722485,TRUE,NA,"PlasmoDB"
"PRCDC_1313200",15722485,TRUE,NA,"PlasmoDB"
"PF3D7_0800700",15939796,TRUE,NA,"PlasmoDB"
"PF3D7_0424400",15939796,TRUE,NA,"PlasmoDB"
"PBANKA_0304700",16027235,TRUE,NA,"PlasmoDB"
"PF3D7_1132900",16039160,TRUE,NA,"PlasmoDB"
"PF3D7_1320400",16489263,TRUE,NA,"PlasmoDB"
"PBANKA_0408200",16796674,TRUE,NA,"PlasmoDB"
"PF3D7_1215000",16879648,TRUE,NA,"PlasmoDB"
"PF3D7_1114100",17000879,TRUE,NA,"PlasmoDB"
"PF3D7_0911900",17083274,TRUE,NA,"PlasmoDB"
"CNG02270",17112316,TRUE,NA,"FungiDB"
"CNAG_07724",17112316,TRUE,NA,"FungiDB"
"CNJ02920",17121456,TRUE,NA,"FungiDB"
"PBANKA_1319500",17335349,TRUE,NA,"PlasmoDB"
"PBANKA_0711600",17367780,TRUE,NA,"PlasmoDB"
"PF3D7_0819200",17367780,TRUE,NA,"PlasmoDB"
"Afu1g14660",17432932,TRUE,NA,"FungiDB"
"TGME49_266760",17784785,TRUE,NA,"ToxoDB"
"TGME49_316310",17784785,TRUE,NA,"ToxoDB"
"PF3D7_0628000",18093090,TRUE,NA,"PlasmoDB"
"PF3D7_0600800",18197962,TRUE,NA,"PlasmoDB"
"PF3D7_1465500",18218136,TRUE,NA,"PlasmoDB"
"PF3D7_1227200",18218136,TRUE,NA,"PlasmoDB"
"PF3D7_1223100",18248092,TRUE,NA,"PlasmoDB"
"CNAG_06242",18282105,TRUE,NA,"FungiDB"
"PRCDC_0420600",18320051,TRUE,NA,"PlasmoDB"
"PF3D7_0423400",18320051,TRUE,NA,"PlasmoDB"
"PF3D7_1131100",18365025,TRUE,NA,"PlasmoDB"
"PBANKA_1035200",18452513,TRUE,NA,"PlasmoDB"
"PY17X_0903500",18466298,TRUE,NA,"PlasmoDB"
"PY17X_1106500",18547337,TRUE,NA,"PlasmoDB"
"PF3D7_0505800",18547337,TRUE,NA,"PlasmoDB"
"PBANKA_0902100",18551171,TRUE,NA,"PlasmoDB"
"PF3D7_0310400",18551176,TRUE,NA,"PlasmoDB"
"PBANKA_0402200",18575607,TRUE,NA,"PlasmoDB"
"PF3D7_0402200",18593471,TRUE,NA,"PlasmoDB"
"Afu5g11260",18721228,TRUE,NA,"FungiDB"
"NCU09520",18803869,TRUE,NA,"FungiDB"
"PF3D7_0424100",18827878,TRUE,NA,"PlasmoDB"
"PRCDC_0421300",18827878,TRUE,NA,"PlasmoDB"
"PF3D7_1351600",19040641,TRUE,NA,"PlasmoDB"
"PBANKA_1229800",19064257,TRUE,NA,"PlasmoDB"
"PCHAS_1230500",19064257,TRUE,NA,"PlasmoDB"
"AN1029",19199437,TRUE,NA,"FungiDB"
"Afu3g11250",19220748,TRUE,NA,"FungiDB"
"PF3D7_1035400",19404387,TRUE,NA,"PlasmoDB"
"PVP01_0102800",19427918,TRUE,NA,"PlasmoDB"
"PKNH_0100800",19427918,TRUE,NA,"PlasmoDB"
"PKNH_1472300",19428658,TRUE,NA,"PlasmoDB"
"PKNH_0700200",19428658,TRUE,NA,"PlasmoDB"
"PBANKA_1413100",19434237,TRUE,NA,"PlasmoDB"
"PF3D7_1444500",19435497,TRUE,NA,"PlasmoDB"
"PBANKA_1308400",19435497,TRUE,NA,"PlasmoDB"
"AN9399",19448638,TRUE,NA,"FungiDB"
"PBANKA_1240700",19491095,TRUE,NA,"PlasmoDB"
"PF3D7_0525900",19491095,TRUE,NA,"PlasmoDB"
"NCU07253",19555771,TRUE,NA,"FungiDB"
"PBANKA_1008200",19779564,TRUE,NA,"PlasmoDB"
"TGME49_239300",19823689,TRUE,NA,"ToxoDB"
"TGME49_297520",19879901,TRUE,NA,"ToxoDB"
"PBANKA_1300700",19932717,TRUE,NA,"PlasmoDB"
"PF3D7_1467300",20018214,TRUE,NA,"PlasmoDB"
"CNAG_07718",20345666,TRUE,NA,"FungiDB"
"CNG03630",20345666,TRUE,NA,"FungiDB"
"PBANKA_0813000",20361051,TRUE,NA,"PlasmoDB"
"PBANKA_0306000",20386715,TRUE,NA,"PlasmoDB"
"PBANKA_0306100",20386715,TRUE,NA,"PlasmoDB"
"TGME49_500160",20470832,TRUE,NA,"ToxoDB"
"PF3D7_1232300",20493843,TRUE,NA,"PlasmoDB"
"NCU01789",20522492,TRUE,NA,"FungiDB"
"NCU06842",20522492,TRUE,NA,"FungiDB"
"Afu3g05650",20545865,TRUE,NA,"FungiDB"
"PF3D7_0211700",20582613,TRUE,NA,"PlasmoDB"
"PF3D7_1349300",20582613,TRUE,NA,"PlasmoDB"
"PF3D7_0107600",20584882,TRUE,NA,"PlasmoDB"
"PBANKA_0205800",20584882,TRUE,NA,"PlasmoDB"
"TGME49_243545",20658557,TRUE,NA,"ToxoDB"
"TGME49_320480",20686666,TRUE,NA,"ToxoDB"
"CNAG_05662",20689743,TRUE,NA,"FungiDB"
"CNH02990",20689743,TRUE,NA,"FungiDB"
"TGME49_209985",20709297,TRUE,NA,"ToxoDB"
"PVP01_1436800",20942952,TRUE,NA,"PlasmoDB"
"PBANKA_0310300",20951971,TRUE,NA,"PlasmoDB"
"PBANKA_1351500",20951971,TRUE,NA,"PlasmoDB"
"Afu2g12330",21062375,TRUE,NA,"FungiDB"
"NCU03905",21081763,TRUE,NA,"FungiDB"
"PVP01_0929200",21084289,TRUE,NA,"PlasmoDB"
"MGG_10422",21383978,TRUE,NA,"FungiDB"
"PVP01_1255000",21401956,TRUE,NA,"PlasmoDB"
"PKNH_1230100",21401956,TRUE,NA,"PlasmoDB"
"CNAG_06346",21402362,TRUE,NA,"FungiDB"
"CNG04130",21453402,TRUE,NA,"FungiDB"
"CNAG_03153",21453402,TRUE,NA,"FungiDB"
"PBANKA_1300800",21453484,TRUE,NA,"PlasmoDB"
"PF3D7_1036400",21569184,TRUE,NA,"PlasmoDB"
"CNI03590",21652778,TRUE,NA,"FungiDB"
"CNAG_04217",21652778,TRUE,NA,"FungiDB"
"TGME49_251410",21669237,TRUE,NA,"ToxoDB"
"PF3D7_0323400",21909261,TRUE,NA,"PlasmoDB"
"PF3D7_1115200",21909263,TRUE,NA,"PlasmoDB"
"PKNH_0304000",22024312,TRUE,NA,"PlasmoDB"
"PVP01_0305300",22024312,TRUE,NA,"PlasmoDB"
"Afu2g04210",22046314,TRUE,NA,"FungiDB"
"CNC01390",22174677,TRUE,NA,"FungiDB"
"CNAG_01626",22174677,TRUE,NA,"FungiDB"
"PF3D7_1103700",22293287,TRUE,NA,"PlasmoDB"
"TGME49_210810",22387554,TRUE,NA,"ToxoDB"
"PF3D7_1138200",22443220,TRUE,NA,"PlasmoDB"
"NCU03770",22701726,TRUE,NA,"FungiDB"
"CNAG_01614",22719877,TRUE,NA,"FungiDB"
"CNF03700",22731401,TRUE,NA,"FungiDB"
"CNAG_06646",22731401,TRUE,NA,"FungiDB"
"CNAG_00795",22737071,TRUE,NA,"FungiDB"
"TGME49_272900",22860032,TRUE,NA,"ToxoDB"
"PF3D7_0309600",22912579,TRUE,NA,"PlasmoDB"
"CNAG_05392",22916306,TRUE,NA,"FungiDB"
"PF3D7_0201800",22970262,TRUE,NA,"PlasmoDB"
"PRCDC_0200900",22970262,TRUE,NA,"PlasmoDB"
"PF3D7_0207500",22984267,TRUE,NA,"PlasmoDB"
"PF3D7_0613300",23049965,TRUE,NA,"PlasmoDB"
"CNAG_05794",23055925,TRUE,NA,"FungiDB"
"AN5525",23106124,TRUE,NA,"FungiDB"
"PBANKA_1427100",23137753,TRUE,NA,"PlasmoDB"
"TGME49_280700",23159057,TRUE,NA,"ToxoDB"
"PF3D7_1149000",23185236,TRUE,NA,"PlasmoDB"
"PRELSG_0945100",23224610,TRUE,NA,"PlasmoDB"
"PGAL8A_00375200",23224610,TRUE,NA,"PlasmoDB"
"TGME49_205670",23239939,TRUE,NA,"ToxoDB"
"TGME49_218880",23239939,TRUE,NA,"ToxoDB"
"TGME49_246490",23246819,TRUE,NA,"ToxoDB"
"CNA01450",23251520,TRUE,NA,"FungiDB"
"CNAG_00156",23251520,TRUE,NA,"FungiDB"
"PY17X_0719200",23356439,TRUE,NA,"PlasmoDB"
"Afu7g00170",23368997,TRUE,NA,"FungiDB"
"Afu7g00130",23368997,TRUE,NA,"FungiDB"
"PY17X_0816300",23421981,TRUE,NA,"PlasmoDB"
"PF3D7_1360100",23437009,TRUE,NA,"PlasmoDB"
"TGME49_290040",23443656,TRUE,NA,"ToxoDB"
"CNAG_05449",23498952,TRUE,NA,"FungiDB"
"CNAG_00306",23498952,TRUE,NA,"FungiDB"
"PVP01_1403500",23505486,TRUE,NA,"PlasmoDB"
"PBANKA_1013300",23544094,TRUE,NA,"PlasmoDB"
"CNAG_02579",23550133,TRUE,NA,"FungiDB"
"PY17X_1357700",23587146,TRUE,NA,"PlasmoDB"
"AN3495",23617571,TRUE,NA,"FungiDB"
"AN3496",23617571,TRUE,NA,"FungiDB"
"CNA06560",23653445,TRUE,NA,"FungiDB"
"CNAG_02057",23653445,TRUE,NA,"FungiDB"
"TGME49_267380",23658519,TRUE,NA,"ToxoDB"
"PBANKA_0700600",23658610,TRUE,NA,"PlasmoDB"
"TGME49_301420",23687115,TRUE,NA,"ToxoDB"
"PVP01_0531900",23688042,TRUE,NA,"PlasmoDB"
"CNAG_06290",23691177,TRUE,NA,"FungiDB"
"PVP01_0412300",23734702,TRUE,NA,"PlasmoDB"
"PKNH_0408600",23734702,TRUE,NA,"PlasmoDB"
"TGME49_296000",23742205,TRUE,NA,"ToxoDB"
"TGME49_281675",23742205,TRUE,NA,"ToxoDB"
"AN3621",23762321,TRUE,NA,"FungiDB"
"PBANKA_0830400",23773015,TRUE,NA,"PlasmoDB"
"PF3D7_0312100",23785288,TRUE,NA,"PlasmoDB"
"PKNH_1466100",23831369,TRUE,NA,"PlasmoDB"
"PF3D7_0320000",23837822,TRUE,NA,"PlasmoDB"
"Afu1g06210",23844980,TRUE,NA,"FungiDB"
"PBANKA_1459200",23935500,TRUE,NA,"PlasmoDB"
"NCU01833",23935534,TRUE,NA,"FungiDB"
"TGME49_315730",23940612,TRUE,NA,"ToxoDB"
"Afu3g07910",23990787,TRUE,NA,"FungiDB"
"FGRAMPH1_01G25093",23990790,TRUE,NA,"FungiDB"
"Afu4g02970",23996062,TRUE,NA,"FungiDB"
"AN0756",24037406,TRUE,NA,"FungiDB"
"AN0980",24037406,TRUE,NA,"FungiDB"
"TGME49_230180",24043761,TRUE,NA,"ToxoDB"
"PVP01_0916600",24093777,TRUE,NA,"PlasmoDB"
"PKNH_0913700",24093777,TRUE,NA,"PlasmoDB"
"Afu8g00420",24116213,TRUE,NA,"FungiDB"
"AN8677",24118544,TRUE,NA,"FungiDB"
"TGME49_290950",24147036,TRUE,NA,"ToxoDB"
"PBANKA_0416500",24237419,TRUE,NA,"PlasmoDB"
"PBANKA_0314200",24265753,TRUE,NA,"PlasmoDB"
"PVP01_0102300",24340114,TRUE,NA,"PlasmoDB"
"PBANKA_1107100",24348254,TRUE,NA,"PlasmoDB"
"PF3D7_1343700",24352242,TRUE,NA,"PlasmoDB"
"PY17X_0834400",24403012,TRUE,NA,"PlasmoDB"
"PF3D7_1426700",24453970,TRUE,NA,"PlasmoDB"
"PF3D7_1235000",24505500,TRUE,NA,"PlasmoDB"
"PBANKA_1449600",24505500,TRUE,NA,"PlasmoDB"
"PCHAS_1439500",24572359,TRUE,NA,"PlasmoDB"
"PBANKA_1437500",24572359,TRUE,NA,"PlasmoDB"
"NCU05064",24581151,TRUE,NA,"FungiDB"
"AN5126",24637327,TRUE,NA,"FungiDB"
"TGME49_260600",24685055,TRUE,NA,"ToxoDB"
"FGRAMPH1_01G00855",24722578,TRUE,NA,"FungiDB"
"TGME49_244470",24743791,TRUE,NA,"ToxoDB"
"PF3D7_1327600",24747974,TRUE,NA,"PlasmoDB"
"AN8737",24751997,TRUE,NA,"FungiDB"
"Afu1g06200",24779420,TRUE,NA,"FungiDB"
"PF3D7_0704600",24830312,TRUE,NA,"PlasmoDB"
"PF3D7_1329700",24877144,TRUE,NA,"PlasmoDB"
"TGME49_201180",24885521,TRUE,NA,"ToxoDB"
"Afu8g00440",24939566,TRUE,NA,"FungiDB"
"PRELSG_1467600",24943514,TRUE,NA,"PlasmoDB"
"PRELSG_0100100",24943514,TRUE,NA,"PlasmoDB"
"PF3D7_0936800",24983468,TRUE,NA,"PlasmoDB"
"PY17X_0304500",25012929,TRUE,NA,"PlasmoDB"
"PF3D7_1033400",25058848,TRUE,NA,"PlasmoDB"
"NCU02833",25279949,TRUE,NA,"FungiDB"
"NCU10518",25279949,TRUE,NA,"FungiDB"
"TGME49_244040",25329540,TRUE,NA,"ToxoDB"
"TGME49_500179",25329540,TRUE,NA,"ToxoDB"
"Afu4g03460",25375670,TRUE,NA,"FungiDB"
"TGME49_283510",25393004,TRUE,NA,"ToxoDB"
"TGME49_246940",25393004,TRUE,NA,"ToxoDB"
"FGRAMPH1_01G00223",25403493,TRUE,NA,"FungiDB"
"NCU08008",25411845,TRUE,NA,"FungiDB"
"NCU06265",25411845,TRUE,NA,"FungiDB"
"MGG_06881",25514925,TRUE,NA,"FungiDB"
"PF3D7_0936500",25703704,TRUE,NA,"PlasmoDB"
"AN1060",25712266,TRUE,NA,"FungiDB"
"PKNH_1258400",25761669,TRUE,NA,"PlasmoDB"
"PVP01_1211800",25761669,TRUE,NA,"PlasmoDB"
"TGME49_316890",25765081,TRUE,NA,"ToxoDB"
"CNAG_04247",25827419,TRUE,NA,"FungiDB"
"CNAG_07884",25827419,TRUE,NA,"FungiDB"
"CNAG_03488",25859664,TRUE,NA,"FungiDB"
"CNAG_05601",25859664,TRUE,NA,"FungiDB"
"PVP01_0517600",25888962,TRUE,NA,"PlasmoDB"
"PVP01_0317900",25925592,TRUE,NA,"PlasmoDB"
"TGME49_222170",25974303,TRUE,NA,"ToxoDB"
"PBANKA_1429600",25995223,TRUE,NA,"PlasmoDB"
"PVP01_0422600",26011536,TRUE,NA,"PlasmoDB"
"CNAG_02161",26037119,TRUE,NA,"FungiDB"
"CNAG_02676",26112692,TRUE,NA,"FungiDB"
"PF3D7_0805700",26112892,TRUE,NA,"PlasmoDB"
"PBANKA_1227400",26118994,TRUE,NA,"PlasmoDB"
"PF3D7_0936600",26315106,TRUE,NA,"PlasmoDB"
"PRCDC_0934700",26315106,TRUE,NA,"PlasmoDB"
"PF3D7_1229100",26332724,TRUE,NA,"PlasmoDB"
"AN3522",26353949,TRUE,NA,"FungiDB"
"AN1006",26353949,TRUE,NA,"FungiDB"
"TGME49_269442",26374117,TRUE,NA,"ToxoDB"
"TGME49_305050",26374117,TRUE,NA,"ToxoDB"
"AN10076",26378255,TRUE,NA,"FungiDB"
"TGME49_227650",26466679,TRUE,NA,"ToxoDB"
"Afu2g12910",26529322,TRUE,NA,"FungiDB"
"Afu7g02260",26529322,TRUE,NA,"FungiDB"
"PF3D7_0313500",26540393,TRUE,NA,"PlasmoDB"
"PBANKA_1346000",26573820,TRUE,NA,"PlasmoDB"
"PF3D7_0404400",26612952,TRUE,NA,"PlasmoDB"
"TGME49_258400",26635770,TRUE,NA,"ToxoDB"
"TGME49_201760",26680740,TRUE,NA,"ToxoDB"
"TGME49_232130",26680740,TRUE,NA,"ToxoDB"
"Afu6g12110",26701311,TRUE,NA,"FungiDB"
"Afu6g12580",26701311,TRUE,NA,"FungiDB"
"TGME49_250840",26760042,TRUE,NA,"ToxoDB"
"AN1156",26811422,TRUE,NA,"FungiDB"
"TGME49_307840",26838719,TRUE,NA,"ToxoDB"
"TGME49_254470",26838724,TRUE,NA,"ToxoDB"
"PF3D7_0113700",26845441,TRUE,NA,"PlasmoDB"
"PKNH_1347900",26847346,TRUE,NA,"PlasmoDB"
"PKNH_1253700",26862473,TRUE,NA,"PlasmoDB"
"PVP01_1207600",26862473,TRUE,NA,"PlasmoDB"
"TGME49_279100",26920761,TRUE,NA,"ToxoDB"
"NCU07191",27077707,TRUE,NA,"FungiDB"
"NCU07192",27077707,TRUE,NA,"FungiDB"
"PF3D7_0512900",27129434,TRUE,NA,"PlasmoDB"
"CNAG_06465",27165800,TRUE,NA,"FungiDB"
"PVP01_0701200",27244695,TRUE,NA,"PlasmoDB"
"TGME49_286470",27247232,TRUE,NA,"ToxoDB"
"TGME49_226030",27247232,TRUE,NA,"ToxoDB"
"CNAG_06327",27303693,TRUE,NA,"FungiDB"
"TGME49_243930",27303694,TRUE,NA,"ToxoDB"
"TGME49_210370",27303719,TRUE,NA,"ToxoDB"
"CNAG_01978",27303728,TRUE,NA,"FungiDB"
"NCU07523",27381444,TRUE,NA,"FungiDB"
"PF3D7_1012200",27383149,TRUE,NA,"PlasmoDB"
"PCHAS_0306100",27427910,TRUE,NA,"PlasmoDB"
"PBANKA_0303900",27427910,TRUE,NA,"PlasmoDB"
"TGME49_270910",27490259,TRUE,NA,"ToxoDB"
"PBANKA_1326400",27551151,TRUE,NA,"PlasmoDB"
"PVP01_0102300",27555313,TRUE,NA,"PlasmoDB"
"PVP01_1107900",27658588,TRUE,NA,"PlasmoDB"
"CNAG_02511",27677328,TRUE,NA,"FungiDB"
"TGME49_297970",27678060,TRUE,NA,"ToxoDB"
"PVP01_1229700",27725738,TRUE,NA,"PlasmoDB"
"TGME49_270330",27759017,TRUE,NA,"ToxoDB"
"PVP01_0505600",27759110,TRUE,NA,"PlasmoDB"
"PKNH_1322900",27759110,TRUE,NA,"PlasmoDB"
"PRCDC_1146600",27777305,TRUE,NA,"PlasmoDB"
"PF3D7_1148700",27777305,TRUE,NA,"PlasmoDB"
"CNAG_06447",27783209,TRUE,NA,"FungiDB"
"PBANKA_0512800",27832590,TRUE,NA,"PlasmoDB"
"Afu3g09690",27841851,TRUE,NA,"FungiDB"
"TGME49_256030",27932494,TRUE,NA,"ToxoDB"
"TGME49_230140",27966671,TRUE,NA,"ToxoDB"
"PKNH_1030500",28049516,TRUE,NA,"PlasmoDB"
"CNAG_06465",28061020,TRUE,NA,"FungiDB"
"NCU04866",28115989,TRUE,NA,"FungiDB"
"TGME49_285200",28148555,TRUE,NA,"ToxoDB"
"TGME49_215490",28205520,TRUE,NA,"ToxoDB"
"PBANKA_0830200",28252383,TRUE,NA,"PlasmoDB"
"NCU07253",28285007,TRUE,NA,"FungiDB"
"PF3D7_1431800",28285440,TRUE,NA,"PlasmoDB"
"TGME49_315510",28331073,TRUE,NA,"ToxoDB"
"NCU01362",28403234,TRUE,NA,"FungiDB"
"Afu2g11780",28423062,TRUE,NA,"FungiDB"
"TGME49_500312",28436089,TRUE,NA,"ToxoDB"
"NCU07788",28467421,TRUE,NA,"FungiDB"
"TGME49_226040",28475612,TRUE,NA,"ToxoDB"
"TGME49_297070",28529974,TRUE,NA,"ToxoDB"
"PCHAS_0612000",28604779,TRUE,NA,"PlasmoDB"
"CNAG_03346",28611159,TRUE,NA,"FungiDB"
"NCU09033",28616073,TRUE,NA,"FungiDB"
"PBANKA_0824500",28655332,TRUE,NA,"PlasmoDB"
"TGME49_223125",28655825,TRUE,NA,"ToxoDB"
"TGME49_270330",28671988,TRUE,NA,"ToxoDB"
"TGME49_256070",28671988,TRUE,NA,"ToxoDB"
"AN5485",28747316,TRUE,NA,"FungiDB"
"PY17X_1366000",28787542,TRUE,NA,"PlasmoDB"
"TGME49_310670",28851850,TRUE,NA,"ToxoDB"
"PBANKA_0809400",28851956,TRUE,NA,"PlasmoDB"
"AN9517",28874473,TRUE,NA,"FungiDB"
"Afu1g14070",28883073,TRUE,NA,"FungiDB"
"PBANKA_1321700",28922424,TRUE,NA,"PlasmoDB"
"PBANKA_0204600",29138437,TRUE,NA,"PlasmoDB"
"Afu4g04760",29150592,TRUE,NA,"FungiDB"
"TGME49_216140",29180989,TRUE,NA,"ToxoDB"
"TGME49_285980",29202046,TRUE,NA,"ToxoDB"
"TGME49_318580",29202046,TRUE,NA,"ToxoDB"
"TGME49_262920",29244879,TRUE,NA,"ToxoDB"
"TGME49_253370",29263399,TRUE,NA,"ToxoDB"
"PmUG01_12018200",29325573,TRUE,NA,"PlasmoDB"
"PmUG01_09042600",29325573,TRUE,NA,"PlasmoDB"
"CNAG_01319",29338542,TRUE,NA,"FungiDB"
"CNAG_06352",29338542,TRUE,NA,"FungiDB"
"TGME49_237230",29357375,TRUE,NA,"ToxoDB"
"TGME49_270700",29357375,TRUE,NA,"ToxoDB"
"NCU02193",29420579,TRUE,NA,"FungiDB"
"PVP01_1306600",29435408,TRUE,NA,"PlasmoDB"
"PKNH_0728800",29540177,TRUE,NA,"PlasmoDB"
"PF3D7_0320400",29609625,TRUE,NA,"PlasmoDB"
"PVP01_0531900",29636493,TRUE,NA,"PlasmoDB"
"PKNH_0515300",29636493,TRUE,NA,"PlasmoDB"
"CNAG_06695",29864141,TRUE,NA,"FungiDB"
"CNAG_03781",29976642,TRUE,NA,"FungiDB"
"TGME49_284540",30005062,TRUE,NA,"ToxoDB"
"PVP01_0114800",30023525,TRUE,NA,"PlasmoDB"
"PF3D7_1362200",30026605,TRUE,NA,"PlasmoDB"
"TGME49_312930",30036991,TRUE,NA,"ToxoDB"
"Afu6g11110",30044771,TRUE,NA,"FungiDB"
"AN0585",30044771,TRUE,NA,"FungiDB"
"TGME49_232500",30051161,TRUE,NA,"ToxoDB"
"PCHAS_0720500",30102727,TRUE,NA,"PlasmoDB"
"PBANKA_0711400",30102727,TRUE,NA,"PlasmoDB"
"TGME49_231870",30158461,TRUE,NA,"ToxoDB"
"TGME49_242070",30208022,TRUE,NA,"ToxoDB"
"PF3D7_0813700",30212465,TRUE,NA,"PlasmoDB"
"Afu1g13670",30279286,TRUE,NA,"FungiDB"
"PF3D7_0208900",30297725,TRUE,NA,"PlasmoDB"
"TGME49_288840",30320549,TRUE,NA,"ToxoDB"
"TGME49_234510",30352931,TRUE,NA,"ToxoDB"
"TGME49_270690",30362624,TRUE,NA,"ToxoDB"
"TGME49_208370",30377279,TRUE,NA,"ToxoDB"
"TGME49_316250",30377279,TRUE,NA,"ToxoDB"
"AN2701",30410052,TRUE,NA,"FungiDB"
"NCU01932",30468429,TRUE,NA,"FungiDB"
"CNAG_01983",30483479,TRUE,NA,"FungiDB"
"PKNH_0303000",30581686,TRUE,NA,"PlasmoDB"
"PF3D7_1117500",30592748,TRUE,NA,"PlasmoDB"
"TGME49_237015",30622189,TRUE,NA,"ToxoDB"
"TGME49_236870",30622189,TRUE,NA,"ToxoDB"
"PVP01_1253200",30683097,TRUE,NA,"PlasmoDB"
"TGME49_500223",30728393,TRUE,NA,"ToxoDB"
"TGME49_244530",30850550,TRUE,NA,"ToxoDB"
"TGME49_212880",30865554,TRUE,NA,"ToxoDB"
"TGME49_232960",30914506,TRUE,NA,"ToxoDB"
"TGME49_214620",30914506,TRUE,NA,"ToxoDB"
"TGME49_500344",30959972,TRUE,NA,"ToxoDB"
"PVP01_0730000",30999945,TRUE,NA,"PlasmoDB"
"PKNH_1266000",31035999,TRUE,NA,"PlasmoDB"
"TGME49_239010",31036909,TRUE,NA,"ToxoDB"
"TGME49_203600",31040239,TRUE,NA,"ToxoDB"
"TGME49_208740",31040239,TRUE,NA,"ToxoDB"
"TGME49_239010",31040242,TRUE,NA,"ToxoDB"
"Afu1g11420",31068436,TRUE,NA,"FungiDB"
"TGME49_290720",31091451,TRUE,NA,"ToxoDB"
"TGME49_232830",31091451,TRUE,NA,"ToxoDB"
"PVP01_0304700",31094679,TRUE,NA,"PlasmoDB"
"TGME49_251630",31118298,TRUE,NA,"ToxoDB"
"Afu6g06710",31131706,TRUE,NA,"FungiDB"
"PBANKA_1131900",31202684,TRUE,NA,"PlasmoDB"
"PY17X_0405400",31202685,TRUE,NA,"PlasmoDB"
"TGME49_297230",31233488,TRUE,NA,"ToxoDB"
"PVP01_1312900",31239348,TRUE,NA,"PlasmoDB"
"PBANKA_0810400",31334132,TRUE,NA,"PlasmoDB"
"PmUG01_07042000",31344067,TRUE,NA,"PlasmoDB"
"Afu5g14910",31548684,TRUE,NA,"FungiDB"
"Afu5g14900",31548684,TRUE,NA,"FungiDB"
"PRCDC_0421500",31586047,TRUE,NA,"PlasmoDB"
"PBANKA_0931000",31616399,TRUE,NA,"PlasmoDB"
"AN8501",31779253,TRUE,NA,"FungiDB"
"PF3D7_0704600",31797898,TRUE,NA,"PlasmoDB"
"PF3D7_0925800",31866984,TRUE,NA,"PlasmoDB"
"PF3D7_1123400",31866984,TRUE,NA,"PlasmoDB"
"CNAG_02775",31932719,TRUE,NA,"FungiDB"
"TGME49_200385",31955846,TRUE,NA,"ToxoDB"
"PF3D7_1421000",32004461,TRUE,NA,"PlasmoDB"
"PVP01_0534400",32014895,TRUE,NA,"PlasmoDB"
"TGME49_258870",32019789,TRUE,NA,"ToxoDB"
"TGME49_310790",32019789,TRUE,NA,"ToxoDB"
"TGME49_265180",32047127,TRUE,NA,"ToxoDB"
"TGME49_263323",32047127,TRUE,NA,"ToxoDB"
"TGME49_225940",32060530,TRUE,NA,"ToxoDB"
"TGME49_211460",32075880,TRUE,NA,"ToxoDB"
"TGME49_204340",32075880,TRUE,NA,"ToxoDB"
"TGME49_228170",32075881,TRUE,NA,"ToxoDB"
"TGME49_209755",32075884,TRUE,NA,"ToxoDB"
"Afu1g01010",32083553,TRUE,NA,"FungiDB"
"PVP01_0814300",32093983,TRUE,NA,"PlasmoDB"
"TGME49_305340",32094587,TRUE,NA,"ToxoDB"
"PF3D7_1301700",32184257,TRUE,NA,"PlasmoDB"
"PocGH01_04023000",32228600,TRUE,NA,"PlasmoDB"
"PVP01_1435400",32266169,TRUE,NA,"PlasmoDB"
"PF3D7_1035900",32318061,TRUE,NA,"PlasmoDB"
"PRCDC_1035200",32318061,TRUE,NA,"PlasmoDB"
"PF3D7_1434300",32343703,TRUE,NA,"PlasmoDB"
"TGME49_292950",32379047,TRUE,NA,"ToxoDB"
"PY17X_1328100",32395856,TRUE,NA,"PlasmoDB"
"PY17X_0109900",32395856,TRUE,NA,"PlasmoDB"
"PY17X_0210400",32407410,TRUE,NA,"PlasmoDB"
"TGME49_233010",32409604,TRUE,NA,"ToxoDB"
"TGME49_246950",32409604,TRUE,NA,"ToxoDB"
"PF3D7_0617400",32471507,TRUE,NA,"PlasmoDB"
"Afu1g02580",32541034,TRUE,NA,"FungiDB"
"Afu1g02570",32541034,TRUE,NA,"FungiDB"
"PBANKA_1230200",32568069,TRUE,NA,"PlasmoDB"
"PBANKA_0826700",32601225,TRUE,NA,"PlasmoDB"
"TGME49_272370",32738587,TRUE,NA,"ToxoDB"
"TGME49_247230",32759683,TRUE,NA,"ToxoDB"
"PF3D7_1037100",32815516,TRUE,NA,"PlasmoDB"
"TGME49_259180",32887901,TRUE,NA,"ToxoDB"
"PBANKA_0304800",32956401,TRUE,NA,"PlasmoDB"
"TGME49_228110",32968076,TRUE,NA,"ToxoDB"
"PF3D7_1331600",33106323,TRUE,NA,"PlasmoDB"
"PBANKA_1346500",33106323,TRUE,NA,"PlasmoDB"
"PF3D7_0512000",33145997,TRUE,NA,"PlasmoDB"
"TGME49_273500",33158988,TRUE,NA,"ToxoDB"
"TGME49_207820",33173004,TRUE,NA,"ToxoDB"
"PBANKA_0305900",33222390,TRUE,NA,"PlasmoDB"
"PBANKA_0205600",33287434,TRUE,NA,"PlasmoDB"
"PVP01_1260800",33303633,TRUE,NA,"PlasmoDB"
"TGME49_207710",33303967,TRUE,NA,"ToxoDB"
"PVP01_0532400",33379267,TRUE,NA,"PlasmoDB"
"TGME49_297650",33383579,TRUE,NA,"ToxoDB"
"PVP01_0904800",33436639,TRUE,NA,"PlasmoDB"
"TGME49_266620",33521087,TRUE,NA,"ToxoDB"
"PRCDC_1310800",33536500,TRUE,NA,"PlasmoDB"
"TGME49_209755",33557824,TRUE,NA,"ToxoDB"
"PY17X_0507300",33747980,TRUE,NA,"PlasmoDB"
"PBANKA_0506200",33747980,TRUE,NA,"PlasmoDB"
"TGME49_299080",33793004,TRUE,NA,"ToxoDB"
"TGME49_234380",33803212,TRUE,NA,"ToxoDB"
"PF3D7_1214200",33839154,TRUE,NA,"PlasmoDB"
"TGME49_230690",34001876,TRUE,NA,"ToxoDB"
"TGME49_235140",34043960,TRUE,NA,"ToxoDB"
"TGME49_310560",34106044,TRUE,NA,"ToxoDB"
"TGME49_321650",34145271,TRUE,NA,"ToxoDB"
"PBANKA_1028300",34145386,TRUE,NA,"PlasmoDB"
"TGME49_230230",34263725,TRUE,NA,"ToxoDB"
"TGME49_201200",34263725,TRUE,NA,"ToxoDB"
"PF3D7_1143100",34268135,TRUE,NA,"PlasmoDB"
"PF3D7_1437400",34324601,TRUE,NA,"PlasmoDB"
"PF3D7_1310700",34324609,TRUE,NA,"PlasmoDB"
"TGME49_208010",34340555,TRUE,NA,"ToxoDB"
"TGME49_267530",34340555,TRUE,NA,"ToxoDB"
"PF3D7_1134300",34342640,TRUE,NA,"PlasmoDB"
"TGME49_288500",34360597,TRUE,NA,"ToxoDB"
"PF3D7_1476700",34380472,TRUE,NA,"PlasmoDB"
"TGME49_243298",34384491,TRUE,NA,"ToxoDB"
"TGME49_263300",34523684,TRUE,NA,"ToxoDB"
"TGME49_286630",34603593,TRUE,NA,"ToxoDB"
"PBANKA_1122000",34604117,TRUE,NA,"PlasmoDB"
"TGME49_311080",34608145,TRUE,NA,"ToxoDB"
"PF3D7_1208300",34612205,TRUE,NA,"PlasmoDB"
"TGME49_270310",34612205,TRUE,NA,"ToxoDB"
"TGME49_202220",34634933,TRUE,NA,"ToxoDB"
"TGME49_319890",34692826,TRUE,NA,"ToxoDB"
"PF3D7_0625300",34730376,TRUE,NA,"PlasmoDB"
"PBANKA_0938300",34880324,TRUE,NA,"PlasmoDB"
"TGME49_215070",34896149,TRUE,NA,"ToxoDB"
"TGME49_500124",34943148,TRUE,NA,"ToxoDB"
"TGME49_304730",34943148,TRUE,NA,"ToxoDB"
"PocGH01_00129200",34956929,TRUE,NA,"PlasmoDB"
"PBANKA_1134900",34959491,TRUE,NA,"PlasmoDB"
"PRCDC_1465400",35087229,TRUE,NA,"PlasmoDB"
"PF3D7_1466200",35087229,TRUE,NA,"PlasmoDB"
"TGME49_241880",35107337,TRUE,NA,"ToxoDB"
"TGME49_229200",35130726,TRUE,NA,"ToxoDB"
"Afu8g01260",35131263,TRUE,NA,"FungiDB"
"PF3D7_0405200",35140336,TRUE,NA,"PlasmoDB"
"TGME49_233200",35323018,TRUE,NA,"ToxoDB"
"PF3D7_1213500",35404079,TRUE,NA,"PlasmoDB"
"PBANKA_1429300",35404079,TRUE,NA,"PlasmoDB"
"TGME49_268210",35484233,TRUE,NA,"ToxoDB"
"PF3D7_1134600",35626703,TRUE,NA,"PlasmoDB"
"TGME49_249900",35642006,TRUE,NA,"ToxoDB"
"TGME49_304680",35677776,TRUE,NA,"ToxoDB"
"TGME49_311230",35682673,TRUE,NA,"ToxoDB"
"TGME49_202620",35730903,TRUE,NA,"ToxoDB"
"PBANKA_0915000",35731833,TRUE,NA,"PlasmoDB"
"TGME49_247195",35756016,TRUE,NA,"ToxoDB"
"TGME49_500245",35756016,TRUE,NA,"ToxoDB"
"TGME49_225800",35810787,TRUE,NA,"ToxoDB"
"PF3D7_0301700",35930605,TRUE,NA,"PlasmoDB"
"PBANKA_0508300",35947628,TRUE,NA,"PlasmoDB"
"PBANKA_0612400",35947628,TRUE,NA,"PlasmoDB"
"PF3D7_0312400",35961464,TRUE,NA,"PlasmoDB"
"PF3D7_0704300",35972967,TRUE,NA,"PlasmoDB"
"PF3D7_0707400",35984838,TRUE,NA,"PlasmoDB"
"TGME49_235150",36094254,TRUE,NA,"ToxoDB"
"TGME49_278990",36094254,TRUE,NA,"ToxoDB"
"PBANKA_0524300",36126089,TRUE,NA,"PlasmoDB"
"PBANKA_0623100",36126089,TRUE,NA,"PlasmoDB"
"TGME49_269430",36129297,TRUE,NA,"ToxoDB"
"TGME49_212100",36142209,TRUE,NA,"ToxoDB"
"PF3D7_0615500",36154191,TRUE,NA,"PlasmoDB"
"TGME49_292020",36245278,TRUE,NA,"ToxoDB"
"TGME49_261080",36245278,TRUE,NA,"ToxoDB"
"TGME49_231070",36310866,TRUE,NA,"ToxoDB"
"TGME49_269460",36310866,TRUE,NA,"ToxoDB"
"TGME49_254770",36326242,TRUE,NA,"ToxoDB"
"TGME49_273030",36449552,TRUE,NA,"ToxoDB"
"TGME49_222910",36449552,TRUE,NA,"ToxoDB"
"TGME49_315670",36476594,TRUE,NA,"ToxoDB"
"TGME49_200400",36476594,TRUE,NA,"ToxoDB"
"PF3D7_1438800",36477538,TRUE,NA,"PlasmoDB"
"TGGT1_292020",36602948,TRUE,NA,"ToxoDB"
"TGGT1_261080",36602948,TRUE,NA,"ToxoDB"
"TGME49_291050",36702847,TRUE,NA,"ToxoDB"
"PF3D7_1437000",36744402,TRUE,NA,"PlasmoDB"
"PY17X_0811300",36761022,TRUE,NA,"PlasmoDB"
"PBANKA_1015500",36780562,TRUE,NA,"PlasmoDB"
"TGME49_237210",36786615,TRUE,NA,"ToxoDB"
"TGME49_262150",36813769,TRUE,NA,"ToxoDB"
"TGME49_235880",36920199,TRUE,NA,"ToxoDB"
"TGME49_204370",36920199,TRUE,NA,"ToxoDB"
"PBANKA_0514200",36928686,TRUE,NA,"PlasmoDB"
"TGME49_209820",36972314,TRUE,NA,"ToxoDB"
"TGME49_311240",36976888,TRUE,NA,"ToxoDB"
"TGME49_315950",37027006,TRUE,NA,"ToxoDB"
"TGME49_311100",37081202,TRUE,NA,"ToxoDB"
"PF3D7_1136200",37122725,TRUE,NA,"PlasmoDB"
"PF3D7_0710000",37130129,TRUE,NA,"PlasmoDB"
"PBANKA_0312700",37155862,TRUE,NA,"PlasmoDB"
"PF3D7_1019800",37166116,TRUE,NA,"PlasmoDB"
"PF3D7_1136600",37219373,TRUE,NA,"PlasmoDB"
"PF3D7_1359900",37244916,TRUE,NA,"PlasmoDB"
"TGME49_266800",37339985,TRUE,NA,"ToxoDB"
"TGME49_277090",37339985,TRUE,NA,"ToxoDB"
"TGME49_257790",37375060,TRUE,NA,"ToxoDB"
"TGME49_204280",37398039,TRUE,NA,"ToxoDB"
"PF3D7_0621000",37406097,TRUE,NA,"PlasmoDB"
"PF3D7_1031600",37628837,TRUE,NA,"PlasmoDB"
"TGME49_315770",37651449,TRUE,NA,"ToxoDB"
"TGME49_276990",37651449,TRUE,NA,"ToxoDB"
"PBANKA_0407400",37704606,TRUE,NA,"PlasmoDB"
"PBANKA_0405600",37704606,TRUE,NA,"PlasmoDB"
"PF3D7_0525800",37712738,TRUE,NA,"PlasmoDB"
"TGME49_297900",37768053,TRUE,NA,"ToxoDB"
"TGME49_311100",37770433,TRUE,NA,"ToxoDB"
"PF3D7_1432100",37772444,TRUE,NA,"PlasmoDB"
"TGME49_238895",37782662,TRUE,NA,"ToxoDB"
"TGME49_297120",37782662,TRUE,NA,"ToxoDB"
"TGME49_258060",37796022,TRUE,NA,"ToxoDB"
"TGME49_285510",37796022,TRUE,NA,"ToxoDB"
"TGME49_212270",37886905,TRUE,NA,"ToxoDB"
"TGME49_226060",38051073,TRUE,NA,"ToxoDB"
"TGME49_217540",38075902,TRUE,NA,"ToxoDB"
"PF3D7_1358000",38089812,TRUE,NA,"PlasmoDB"
"PF3D7_1244500",38102310,TRUE,NA,"PlasmoDB"
"PF3D7_1347200",38113238,TRUE,NA,"PlasmoDB"
"PBANKA_0805700",38131664,TRUE,NA,"PlasmoDB"
"TGME49_224700",38191574,TRUE,NA,"ToxoDB"
"TGME49_500200",38191574,TRUE,NA,"ToxoDB"
"PBANKA_0902300",38252559,TRUE,NA,"PlasmoDB"
"PVP01_0420400",38282613,TRUE,NA,"PlasmoDB"
"PBANKA_1411400",38411954,TRUE,NA,"PlasmoDB"
"PY17X_0210200",38413566,TRUE,NA,"PlasmoDB"
"PF3D7_0319100",38416790,TRUE,NA,"PlasmoDB"
"PF3D7_1367000",38416790,TRUE,NA,"PlasmoDB"
"PKNH_0613400",38465236,TRUE,NA,"PlasmoDB"
"PVP01_0613800",38465236,TRUE,NA,"PlasmoDB"
"TGME49_290170",38500196,TRUE,NA,"ToxoDB"
"TGME49_297220",38501871,TRUE,NA,"ToxoDB"
"TGME49_233540",38502570,TRUE,NA,"ToxoDB"
"TGME49_297245",38502570,TRUE,NA,"ToxoDB"
